intent,user_input,entity_name,entity_value,action,bot_reply
contact_us,let's get connected,,,utter_ask_name,First of all, I would like to know your name.
inform_name,i am rohit,name,rohit,utter_ask_contact_details,Can you please provide your contact info? Mobile Number(prefered)/Email Address
inform_contact_details,rohit34@gmail.com,email_id,rohit34@gmail.com,utter_ask_subject,Please provide the subject for your email.
products,rasa chatbot,,,greet,hi,,,utter_greet1,ğŸ‘‹ğŸ» Hi there, I'm TechBot. I am here to help you nevigate through our site.
utter_greet2,Let me know if you have any questions regarding us or Select a topic below:
get_products_list,Get Product details,,,utter_products_list,Here are the domains for which we offer our products, I'll be pleased to tell you more about them! Select one or write about what you are looking for?
products,staff management products list,,,utter_products/staff_management_list,Employee Management Systems are very useful to ensure a smooth running of your organization. We are here to offer you-
products,TechContact,,,utter_products/staff_management_TechContact,TechContact- Contact Sharing and Management System [Read More](https://www.techexcel.eu/staff-management.html)
contact_us,let's get in  touch,,,utter_ask_name,First of all, I would like to know your name.
inform_name,I am Vivek,name,Vivek,utter_ask_contact_details,Can you please provide your contact info? Mobile Number(prefered)/Email Address
inform_contact_details,vivekp32@gmail.com,email_id,vivekp32@gmail.com,utter_ask_subject,Please provide the subject for your email.
affirm,okay,,,restart,/restart,,,greet,hi,,,utter_greet1,ğŸ‘‹ğŸ» Hi there, I'm TechBot. I am here to help you nevigate through our site.
utter_greet2,Let me know if you have any questions regarding us or Select a topic below:
products,i want to service regarding financial risk analysis,,,utter_products/finance_FinRisk,FinRisk- ML based financial risk analysis tool [Read More](https://www.techexcel.eu/finance.html)
services,do you have service regarding website design,,,utter_services/website_design,Website Design Services- At TechExcel our priority is to streamline your website by giving it a dynamic makeover to create a unique brand image. 
Be it font, typography, color, or image we make sure each and everything is no less than perfect. So, why settle on the cheap templates yielding you nothing? 
From Photoshop to HTML,...[Read More](https://www.techexcel.eu/website-design-development.html)smalltalk,good evening,,,utter_smalltalk/greetings_goodevening,Good Evening. I am here to help you navigate through our site.
get_services_list,Services you offer,,,utter_services_list,Here are the services we offer, I'll be pleased to tell you more about them! Select one or write about what you are looking for?
services,ecommerce solution services,,,utter_services/ecommerce_solution,Ecommerce Solution Services- Whether massive Retail Chain or a small Mom & Pop store, no one can deny the fact that the future belongs to E-commerce. 
Before anyone overtakes you in this cut throat competition, seize the lionâ€™s share by getting your own E-commerce website with us...[Read More](https://www.techexcel.eu/ecommerce-solution.html)
Also take a look at our product, TechTake- A complete Ecommerce solution using Mobile App and website for retail businesses.

products,TechTake,,,utter_products/sales_TechTake,TechTake- A complete Ecommerce solution using Mobile App and website for retail businesses [Read More](https://www.techexcel.eu/sales.html)
contact_us,let's set up meeting,,,utter_contact_form,Alright! Let's get connected!ğŸ˜Š
utter_ask_contact_details,Can you please provide your contact info? Mobile Number(preferred)/Email Address
inform_contact_details,it's my mobile number - 4636284833,MOBILE_NUM,4636284833,utter_ask_name,I would like to know your name.
inform_name,my name is punit,,,contact_us,please set up a meeting,,,utter_contact_form,Alright! Let's get connected!ğŸ˜Š
utter_ask_contact_details,Can you please provide your contact info? Mobile Number(preferred)/Email Address
inform_contact_details,it is 4040405949,MOBILE_NUM,4040405949,utter_ask_name,I would like to know your name.
inform_name,that's Ravindra,NAME,Ravindra,contact_us,please set up a meeting,,,utter_contact_form,Alright! Let's get connected!ğŸ˜Š
utter_ask_contact_details,Can you please provide your contact info? Mobile Number(preferred)/Email Address
inform_contact_details,it is 4040405949,MOBILE_NUM,4040405949,utter_ask_name,I would like to know your name.
inform_name,that's Ravindra,NAME,Ravindra,deny,thanks,,,utter_default,Sorry, I didn't get that. Can you rephrase?
contact_us,i want to talk to you team,,,utter_contact_form,Alright! Let's get connected!ğŸ˜Š
utter_ask_contact_details,Can you please provide your contact info? Mobile Number(preferred)/Email Address
inform_contact_details,it is jaijai3432@ymail.com,EMAIL_ID,jaijai3432@ymail.com,utter_ask_name,I would like to know your name.
inform_name,my name is jai,NAME,jai,contact_us,please set up a meeting,,,utter_contact_form,Alright! Let's get connected!ğŸ˜Š
utter_ask_contact_details,Can you please provide your contact info? Mobile Number(preferred)/Email Address
inform_contact_details,it is 4040405949,MOBILE_NUM,4040405949,utter_ask_name,I would like to know your name.
inform_name,that's Ravindra,NAME,Ravindra,deny,thanks,,,utter_default,Sorry, I didn't get that. Can you rephrase?
contact_us,i want to talk to you team,,,utter_contact_form,Alright! Let's get connected!ğŸ˜Š
utter_ask_contact_details,Can you please provide your contact info? Mobile Number(preferred)/Email Address
inform_contact_details,it is jaijai3432@ymail.com,EMAIL_ID,jaijai3432@ymail.com,utter_ask_name,I would like to know your name.
inform_name,my name is jai,NAME,jai,contact_us,get in touch,,,utter_contact_form,Alright! Let's get connected!ğŸ˜Š
utter_ask_contact_details,Can you please provide your contact info? Mobile Number(preferred)/Email Address
inform_contact_details,7876543323,MOBILE_NUM,7876543323,utter_ask_name,I would like to know your name.
inform_name,himani,NAME,himani,